{"web":{"client_id":"974737026804-kpqoq6obaugu4a0hj18dhhnnakjmi077.apps.googleusercontent.com","project_id":"assignment03-417014","auth_uri":"https://accounts.google.com/o/oauth2/auth","token_uri":"https://oauth2.googleapis.com/token","auth_provider_x509_cert_url":"https://www.googleapis.com/oauth2/v1/certs","client_secret":"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","redirect_uris":["https://localhost:5055","http://localhost:5055"],"javascript_origins":["https://localhost:5055","http://localhost:5055"]}}